title,description
Avatar,"action science fiction aliens adventure future"
Avengers,"action science fiction superhero adventure marvel"
Iron Man,"action superhero technology science fiction marvel"
Interstellar,"science fiction space adventure future time"
Titanic,"romance drama love ship disaster"
The Dark Knight,"action crime superhero thriller dark"
Inception,"science fiction action dream thriller mind"
Jurassic Park,"science fiction adventure dinosaurs action"
The Matrix,"science fiction action technology future"
Gladiator,"action historical drama war adventure"
Spider-Man,"action superhero adventure marvel city"
Thor,"action superhero mythology adventure marvel"
Black Panther,"action superhero technology adventure marvel"
Doctor Strange,"action superhero magic science fiction marvel"
Captain America,"action superhero war adventure marvel"
Transformers,"action science fiction robots adventure technology"
Star Wars,"science fiction space action adventure future"
The Martian,"science fiction space survival adventure"
Gravity,"science fiction space survival thriller"
Wonder Woman,"action superhero mythology adventure"